system,method,basis,energy
h,HF,2z,-0.499278
h,CCSD ,2z,-0.499278
h,CCSDT,2z,-0.499278
h,HF,2dz,-0.499278
h,CCSD ,2dz,-0.499278
h,CCSDT,2dz,-0.499278
h,HF,3z,-0.499810
h,CCSD ,3z,-0.499810
h,CCSDT,3z,-0.499810
h,HF,3dz,-0.499810
h,CCSD ,3dz,-0.499810
h,CCSDT,3dz,-0.499810
h,HF,4z,-0.499946
h,CCSD ,4z,-0.499946
h,CCSDT,4z,-0.499946
h,HF,4dz,-0.499946
h,CCSD ,4dz,-0.499946
h,CCSDT,4dz,-0.499946
h,HF,5z,-0.499995
h,CCSD ,5z,-0.499995
h,CCSDT,5z,-0.499995
h,HF,5dz,-0.499995
h,CCSD ,5dz,-0.499995
h,CCSDT,5dz,-0.499995
li,HF,2z,-7.432420
li,CCSD ,2z,-7.432420
li,CCSDT,2z,-7.432420
li,HF,2dz,-7.432420
li,CCSD ,2dz,-7.432420
li,CCSDT,2dz,-7.432420
li,HF,3z,-7.432679
li,CCSD ,3z,-7.432679
li,CCSDT,3z,-7.432679
li,HF,3dz,-7.432679
li,CCSD ,3dz,-7.432679
li,CCSDT,3dz,-7.432679
li,HF,4z,-7.432695
li,CCSD ,4z,-7.432695
li,CCSDT,4z,-7.432695
li,HF,4dz,-7.432695
li,CCSD ,4dz,-7.432695
li,CCSDT,4dz,-7.432695
li,HF,5z,-7.432723
li,CCSD ,5z,-7.432723
li,CCSDT,5z,-7.432723
li,HF,5dz,-7.432723
li,CCSD ,5dz,-7.432723
li,CCSDT,5dz,-7.432723
be,HF,2z,-14.572338
be,CCSD ,2z,-14.616843
be,CCSDT,2z,-14.616843
be,HF,2dz,-14.572338
be,CCSD ,2dz,-14.616843
be,CCSDT,2dz,-14.616843
be,HF,3z,-14.572873
be,CCSD ,3z,-14.618427
be,CCSDT,3z,-14.618427
be,HF,3dz,-14.572873
be,CCSD ,3dz,-14.618427
be,CCSDT,3dz,-14.618427
be,HF,4z,-14.572968
be,CCSD ,4z,-14.618947
be,CCSDT,4z,-14.618947
be,HF,4dz,-14.572968
be,CCSD ,4dz,-14.618947
be,CCSDT,4dz,-14.618947
be,HF,5z,-14.573012
be,CCSD ,5z,-14.619077
be,CCSDT,5z,-14.619077
be,HF,5dz,-14.573012
be,CCSD ,5dz,-14.619077
be,CCSDT,5dz,-14.619077
c,HF,2z,-37.682418
c,CCSD ,2z,-37.759343
c,CCSDT,2z,-37.760318
c,HF,2dz,-37.682418
c,CCSD ,2dz,-37.759343
c,CCSDT,2dz,-37.760318
c,HF,3z,-37.686708
c,CCSD ,3z,-37.778529
c,CCSDT,3z,-37.780664
c,HF,3dz,-37.686708
c,CCSD ,3dz,-37.778529
c,CCSDT,3dz,-37.780664
c,HF,4z,-37.688298
c,CCSD ,4z,-37.783971
c,CCSDT,4z,-37.786439
c,HF,4dz,-37.688298
c,CCSD ,4dz,-37.783971
c,CCSDT,4dz,-37.786439
c,HF,5z,-37.688643
c,CCSD ,5z,-37.785553
c,CCSDT,5z,-37.788130
c,HF,5dz,-37.688643
c,CCSD ,5dz,-37.785553
c,CCSDT,5dz,-37.788130
n,HF,2z,-54.388414
n,CCSD ,2z,-54.477749
n,CCSDT,2z,-54.478377
n,HF,2dz,-54.388414
n,CCSD ,2dz,-54.477749
n,CCSDT,2dz,-54.478377
n,HF,3z,-54.397358
n,CCSD ,3z,-54.512187
n,CCSDT,3z,-54.514500
n,HF,3dz,-54.397358
n,CCSD ,3dz,-54.512187
n,CCSDT,3dz,-54.514500
n,HF,4z,-54.400176
n,CCSD ,4z,-54.521761
n,CCSDT,4z,-54.524613
n,HF,4dz,-54.400176
n,CCSD ,4dz,-54.521761
n,CCSDT,4dz,-54.524613
n,HF,5z,-54.400853
n,CCSD ,5z,-54.524689
n,CCSDT,5z,-54.527722
n,HF,5dz,-54.400853
n,CCSD ,5dz,-54.524689
n,CCSDT,5dz,-54.527722
o,HF,2z,-74.787513
o,CCSD ,2z,-74.909094
o,CCSDT,2z,-74.909867
o,HF,2dz,-74.787513
o,CCSD ,2dz,-74.909094
o,CCSDT,2dz,-74.909867
o,HF,3z,-74.805644
o,CCSD ,3z,-74.970849
o,CCSDT,3z,-74.973829
o,HF,3dz,-74.805644
o,CCSD ,3dz,-74.970849
o,CCSDT,3dz,-74.973829
o,HF,4z,-74.810844
o,CCSD ,4z,-74.989657
o,CCSDT,4z,-74.993429
o,HF,4dz,-74.810844
o,CCSD ,4dz,-74.989657
o,CCSDT,4dz,-74.993429
o,HF,5z,-74.812231
o,CCSD ,5z,-74.995891
o,CCSDT,5z,-74.999965
o,HF,5dz,-74.812231
o,CCSD ,5dz,-74.995891
o,CCSDT,5dz,-74.999965
f,HF,2z,-99.371862
f,CCSD ,2z,-99.526635
f,CCSDT,2z,-99.527536
f,HF,2dz,-99.371862
f,CCSD ,2dz,-99.526635
f,CCSDT,2dz,-99.527536
f,HF,3z,-99.400935
f,CCSD ,3z,-99.616669
f,CCSDT,3z,-99.620301
f,HF,3dz,-99.400935
f,CCSD ,3dz,-99.616669
f,CCSDT,3dz,-99.620301
f,HF,4z,-99.408952
f,CCSD ,4z,-99.645511
f,CCSDT,4z,-99.650193
f,HF,4dz,-99.408952
f,CCSD ,4dz,-99.645511
f,CCSDT,4dz,-99.650193
f,HF,5z,-99.411171
f,CCSD ,5z,-99.655442
f,CCSDT,5z,-99.660559
f,HF,5dz,-99.411171
f,CCSD ,5dz,-99.655442
f,CCSDT,5dz,-99.660559
na,HF,2z,-161.853027
na,CCSD ,2z,-161.853027
na,CCSDT,2z,-161.853027
na,HF,2dz,-161.853027
na,CCSD ,2dz,-161.853027
na,CCSDT,2dz,-161.853027
na,HF,3z,-161.857996
na,CCSD ,3z,-161.857996
na,CCSDT,3z,-161.857996
na,HF,3dz,-161.857996
na,CCSD ,3dz,-161.857996
na,CCSDT,3dz,-161.857996
na,HF,4z,-161.858676
na,CCSD ,4z,-161.858676
na,CCSDT,4z,-161.858676
na,HF,4dz,-161.858676
na,CCSD ,4dz,-161.858676
na,CCSDT,4dz,-161.858676
na,HF,5z,-161.858882
na,CCSD ,5z,-161.858882
na,CCSDT,5z,-161.858882
na,HF,5dz,-161.858882
na,CCSD ,5dz,-161.858882
na,CCSDT,5dz,-161.858882
si,HF,2z,-288.846437
si,CCSD ,2z,-288.913953
si,CCSDT,2z,-288.915055
si,HF,2dz,-288.846458
si,CCSD ,2dz,-288.915204
si,CCSDT,2dz,-288.916390
si,HF,3z,-288.852151
si,CCSD ,3z,-288.930444
si,CCSDT,3z,-288.933062
si,HF,3dz,-288.852169
si,CCSD ,3dz,-288.930721
si,CCSDT,3dz,-288.933376
si,HF,4z,-288.854107
si,CCSD ,4z,-288.934559
si,CCSDT,4z,-288.937572
si,HF,4dz,-288.854117
si,CCSD ,4dz,-288.934743
si,CCSDT,4dz,-288.937780
si,HF,5z,-288.854440
si,CCSD ,5z,-288.935771
si,CCSDT,5z,-288.938903
si,HF,5dz,-288.854442
si,CCSD ,5dz,-288.935876
si,CCSDT,5dz,-288.939025
p,HF,2z,-340.709014
p,CCSD ,2z,-340.790302
p,CCSDT,2z,-340.791314
p,HF,2dz,-340.709014
p,CCSD ,2dz,-340.792194
p,CCSDT,2dz,-340.793341
p,HF,3z,-340.715984
p,CCSD ,3z,-340.817156
p,CCSDT,3z,-340.820939
p,HF,3dz,-340.715984
p,CCSD ,3dz,-340.817626
p,CCSDT,3dz,-340.821492
p,HF,4z,-340.718335
p,CCSD ,4z,-340.823301
p,CCSDT,4z,-340.827834
p,HF,4dz,-340.718335
p,CCSD ,4dz,-340.823627
p,CCSDT,4dz,-340.828211
p,HF,5z,-340.718677
p,CCSD ,5z,-340.825217
p,CCSDT,5z,-340.829979
p,HF,5dz,-340.718677
p,CCSD ,5dz,-340.825392
p,CCSDT,5dz,-340.830185
s,HF,2z,-397.492840
s,CCSD ,2z,-397.599301
s,CCSDT,2z,-397.600510
s,HF,2dz,-397.492870
s,CCSD ,2dz,-397.602616
s,CCSDT,2dz,-397.604075
s,HF,3z,-397.503612
s,CCSD ,3z,-397.648487
s,CCSDT,3z,-397.653288
s,HF,3dz,-397.503633
s,CCSD ,3dz,-397.649421
s,CCSDT,3dz,-397.654382
s,HF,4z,-397.506631
s,CCSD ,4z,-397.661068
s,CCSDT,4z,-397.667036
s,HF,4dz,-397.506643
s,CCSD ,4dz,-397.661707
s,CCSDT,4dz,-397.667772
s,HF,5z,-397.507108
s,CCSD ,5z,-397.664921
s,CCSDT,5z,-397.671259
s,HF,5dz,-397.507111
s,CCSD ,5dz,-397.665276
s,CCSDT,5dz,-397.671669
cl,HF,2z,-459.467181
cl,CCSD ,2z,-459.597635
cl,CCSDT,2z,-459.598864
cl,HF,2dz,-459.467218
cl,CCSD ,2dz,-459.602422
cl,CCSDT,2dz,-459.604002
cl,HF,3z,-459.479837
cl,CCSD ,3z,-459.666087
cl,CCSDT,3z,-459.671780
cl,HF,3dz,-459.479863
cl,CCSD ,3dz,-459.667573
cl,CCSDT,3dz,-459.673530
cl,HF,4z,-459.483237
cl,CCSD ,4z,-459.685941
cl,CCSDT,4z,-459.693269
cl,HF,4dz,-459.483251
cl,CCSD ,4dz,-459.686970
cl,CCSDT,4dz,-459.694453
cl,HF,5z,-459.483779
cl,CCSD ,5z,-459.692017
cl,CCSDT,5z,-459.699896
cl,HF,5dz,-459.483781
cl,CCSD ,5dz,-459.692591
cl,CCSDT,5dz,-459.700551
li_h,HF,2z,-7.983620
li_h,CCSD ,2z,-8.014358
li_h,CCSDT,2z,-8.014358
li_h,HF,2dz,-7.983620
li_h,CCSD ,2dz,-8.014358
li_h,CCSDT,2dz,-8.014358
li_h,HF,3z,-7.986635
li_h,CCSD ,3z,-8.022303
li_h,CCSDT,3z,-8.022303
li_h,HF,3dz,-7.986635
li_h,CCSD ,3dz,-8.022303
li_h,CCSDT,3dz,-8.022303
li_h,HF,4z,-7.987179
li_h,CCSD ,4z,-8.023909
li_h,CCSDT,4z,-8.023909
li_h,HF,4dz,-7.987179
li_h,CCSD ,4dz,-8.023909
li_h,CCSDT,4dz,-8.023909
li_h,HF,5z,-7.987326
li_h,CCSD ,5z,-8.024351
li_h,CCSDT,5z,-8.024351
li_h,HF,5dz,-7.987326
li_h,CCSD ,5dz,-8.024351
li_h,CCSDT,5dz,-8.024351
be_h,HF,2z,-15.149431
be_h,CCSD ,2z,-15.187812
be_h,CCSDT,2z,-15.188225
be_h,HF,2dz,-15.149431
be_h,CCSD ,2dz,-15.187812
be_h,CCSDT,2dz,-15.188225
be_h,HF,3z,-15.152065
be_h,CCSD ,3z,-15.195146
be_h,CCSDT,3z,-15.195683
be_h,HF,3dz,-15.152065
be_h,CCSD ,3dz,-15.195146
be_h,CCSDT,3dz,-15.195683
be_h,HF,4z,-15.153065
be_h,CCSD ,4z,-15.197562
be_h,CCSDT,4z,-15.198142
be_h,HF,4dz,-15.153065
be_h,CCSD ,4dz,-15.197562
be_h,CCSDT,4dz,-15.198142
be_h,HF,5z,-15.153212
be_h,CCSD ,5z,-15.198059
be_h,CCSDT,5z,-15.198655
be_h,HF,5dz,-15.153212
be_h,CCSD ,5dz,-15.198059
be_h,CCSDT,5dz,-15.198655
c_h,HF,2z,-38.268782
c_h,CCSD ,2z,-38.377797
c_h,CCSDT,2z,-38.379665
c_h,HF,2dz,-38.268782
c_h,CCSD ,2dz,-38.377797
c_h,CCSDT,2dz,-38.379665
c_h,HF,3z,-38.276942
c_h,CCSD ,3z,-38.406962
c_h,CCSDT,3z,-38.410340
c_h,HF,3dz,-38.276942
c_h,CCSD ,3dz,-38.406962
c_h,CCSDT,3dz,-38.410340
c_h,HF,4z,-38.279231
c_h,CCSD ,4z,-38.414964
c_h,CCSDT,4z,-38.418766
c_h,HF,4dz,-38.279231
c_h,CCSD ,4dz,-38.414964
c_h,CCSDT,4dz,-38.418766
c_h,HF,5z,-38.279800
c_h,CCSD ,5z,-38.417322
c_h,CCSDT,5z,-38.421272
c_h,HF,5dz,-38.279800
c_h,CCSD ,5dz,-38.417322
c_h,CCSDT,5dz,-38.421272
c_h2_triplet,HF,2z,-38.921399
c_h2_triplet,CCSD ,2z,-39.039449
c_h2_triplet,CCSDT,2z,-39.041210
c_h2_triplet,HF,2dz,-38.921399
c_h2_triplet,CCSD ,2dz,-39.039449
c_h2_triplet,CCSDT,2dz,-39.041210
c_h2_triplet,HF,3z,-38.932174
c_h2_triplet,CCSD ,3z,-39.074321
c_h2_triplet,CCSDT,3z,-39.077782
c_h2_triplet,HF,3dz,-38.932174
c_h2_triplet,CCSD ,3dz,-39.074321
c_h2_triplet,CCSDT,3dz,-39.077782
c_h2_triplet,HF,4z,-38.934631
c_h2_triplet,CCSD ,4z,-39.083334
c_h2_triplet,CCSDT,4z,-39.087266
c_h2_triplet,HF,4dz,-38.934631
c_h2_triplet,CCSD ,4dz,-39.083334
c_h2_triplet,CCSDT,4dz,-39.087266
c_h2_triplet,HF,5z,-38.935250
c_h2_triplet,CCSD ,5z,-39.085924
c_h2_triplet,CCSDT,5z,-39.090009
c_h2_triplet,HF,5dz,-38.935250
c_h2_triplet,CCSD ,5dz,-39.085924
c_h2_triplet,CCSDT,5dz,-39.090009
c_h2_singlet,HF,2z,-38.881093
c_h2_singlet,CCSD ,2z,-39.019098
c_h2_singlet,CCSDT,2z,-39.021988
c_h2_singlet,HF,2dz,-38.881093
c_h2_singlet,CCSD ,2dz,-39.019098
c_h2_singlet,CCSDT,2dz,-39.021988
c_h2_singlet,HF,3z,-38.892394
c_h2_singlet,CCSD ,3z,-39.056549
c_h2_singlet,CCSDT,3z,-39.061357
c_h2_singlet,HF,3dz,-38.892394
c_h2_singlet,CCSD ,3dz,-39.056549
c_h2_singlet,CCSDT,3dz,-39.061357
c_h2_singlet,HF,4z,-38.895172
c_h2_singlet,CCSD ,4z,-39.066562
c_h2_singlet,CCSDT,4z,-39.071904
c_h2_singlet,HF,4dz,-38.895172
c_h2_singlet,CCSD ,4dz,-39.066562
c_h2_singlet,CCSDT,4dz,-39.071904
c_h2_singlet,HF,5z,-38.895907
c_h2_singlet,CCSD ,5z,-39.069509
c_h2_singlet,CCSDT,5z,-39.075034
c_h2_singlet,HF,5dz,-38.895907
c_h2_singlet,CCSD ,5dz,-39.069509
c_h2_singlet,CCSDT,5dz,-39.075034
c_h3,HF,2z,-39.559609
c_h3,CCSD ,2z,-39.712984
c_h3,CCSDT,2z,-39.715603
c_h3,HF,2dz,-39.559609
c_h3,CCSD ,2dz,-39.712984
c_h3,CCSDT,2dz,-39.715603
c_h3,HF,3z,-39.573041
c_h3,CCSD ,3z,-39.756160
c_h3,CCSDT,3z,-39.760940
c_h3,HF,3dz,-39.573041
c_h3,CCSD ,3dz,-39.756160
c_h3,CCSDT,3dz,-39.760940
c_h3,HF,4z,-39.575795
c_h3,CCSD ,4z,-39.767072
c_h3,CCSDT,4z,-39.772422
c_h3,HF,4dz,-39.575795
c_h3,CCSD ,4dz,-39.767072
c_h3,CCSDT,4dz,-39.772422
c_h3,HF,5z,-39.576529
c_h3,CCSD ,5z,-39.770238
c_h3,CCSDT,5z,-39.775772
c_h3,HF,5dz,-39.576529
c_h3,CCSD ,5dz,-39.770238
c_h3,CCSDT,5dz,-39.775772
c_h4,HF,2z,-40.198652
c_h4,CCSD ,2z,-40.383134
c_h4,CCSDT,2z,-40.386820
c_h4,HF,2dz,-40.198652
c_h4,CCSD ,2dz,-40.383134
c_h4,CCSDT,2dz,-40.386820
c_h4,HF,3z,-40.213424
c_h4,CCSD ,3z,-40.431815
c_h4,CCSDT,3z,-40.438078
c_h4,HF,3dz,-40.213424
c_h4,CCSD ,3dz,-40.431815
c_h4,CCSDT,3dz,-40.438078
c_h4,HF,4z,-40.216246
c_h4,CCSD ,4z,-40.443975
c_h4,CCSDT,4z,-40.450880
c_h4,HF,4dz,-40.216246
c_h4,CCSD ,4dz,-40.443975
c_h4,CCSDT,4dz,-40.450880
c_h4,HF,5z,-40.216988
c_h4,CCSD ,5z,-40.447445
c_h4,CCSDT,5z,-40.454542
c_h4,HF,5dz,-40.216988
c_h4,CCSD ,5dz,-40.447445
c_h4,CCSDT,5dz,-40.454542
n_h,HF,2z,-54.959580
n_h,CCSD ,2z,-55.089671
n_h,CCSDT,2z,-55.091247
n_h,HF,2dz,-54.959580
n_h,CCSD ,2dz,-55.089671
n_h,CCSDT,2dz,-55.091247
n_h,HF,3z,-54.973562
n_h,CCSD ,3z,-55.136672
n_h,CCSDT,3z,-55.140570
n_h,HF,3dz,-54.973562
n_h,CCSD ,3dz,-55.136672
n_h,CCSDT,3dz,-55.140570
n_h,HF,4z,-54.977304
n_h,CCSD ,4z,-55.149865
n_h,CCSDT,4z,-55.154468
n_h,HF,4dz,-54.977304
n_h,CCSD ,4dz,-55.149865
n_h,CCSDT,4dz,-55.154468
n_h,HF,5z,-54.978294
n_h,CCSD ,5z,-55.153996
n_h,CCSDT,5z,-55.158853
n_h,HF,5dz,-54.978294
n_h,CCSD ,5dz,-55.153996
n_h,CCSDT,5dz,-55.158853
n_h2,HF,2z,-55.562848
n_h2,CCSD ,2z,-55.729886
n_h2,CCSDT,2z,-55.732542
n_h2,HF,2dz,-55.562848
n_h2,CCSD ,2dz,-55.729886
n_h2,CCSDT,2dz,-55.732542
n_h2,HF,3z,-55.581130
n_h2,CCSD ,3z,-55.787871
n_h2,CCSDT,3z,-55.793572
n_h2,HF,3dz,-55.581130
n_h2,CCSD ,3dz,-55.787871
n_h2,CCSDT,3dz,-55.793572
n_h2,HF,4z,-55.585684
n_h2,CCSD ,4z,-55.804186
n_h2,CCSDT,4z,-55.810775
n_h2,HF,4dz,-55.585684
n_h2,CCSD ,4dz,-55.804186
n_h2,CCSDT,4dz,-55.810775
n_h2,HF,5z,-55.586985
n_h2,CCSD ,5z,-55.809357
n_h2,CCSDT,5z,-55.816273
n_h2,HF,5dz,-55.586985
n_h2,CCSD ,5dz,-55.809357
n_h2,CCSDT,5dz,-55.816273
n_h3,HF,2z,-56.195635
n_h3,CCSD ,2z,-56.398083
n_h3,CCSDT,2z,-56.401866
n_h3,HF,2dz,-56.195635
n_h3,CCSD ,2dz,-56.398083
n_h3,CCSDT,2dz,-56.401866
n_h3,HF,3z,-56.217913
n_h3,CCSD ,3z,-56.465497
n_h3,CCSDT,3z,-56.473122
n_h3,HF,3dz,-56.217913
n_h3,CCSD ,3dz,-56.465497
n_h3,CCSDT,3dz,-56.473122
n_h3,HF,4z,-56.223148
n_h3,CCSD ,4z,-56.484345
n_h3,CCSDT,4z,-56.493033
n_h3,HF,4dz,-56.223148
n_h3,CCSD ,4dz,-56.484345
n_h3,CCSDT,4dz,-56.493033
n_h3,HF,5z,-56.224774
n_h3,CCSD ,5z,-56.490378
n_h3,CCSDT,5z,-56.499446
n_h3,HF,5dz,-56.224774
n_h3,CCSD ,5dz,-56.490378
n_h3,CCSDT,5dz,-56.499446
o_h,HF,2z,-75.390010
o_h,CCSD ,2z,-75.557476
o_h,CCSDT,2z,-75.559234
o_h,HF,2dz,-75.390010
o_h,CCSD ,2dz,-75.557476
o_h,CCSDT,2dz,-75.559234
o_h,HF,3z,-75.414466
o_h,CCSD ,3z,-75.632525
o_h,CCSDT,3z,-75.637675
o_h,HF,3dz,-75.414466
o_h,CCSD ,3dz,-75.632525
o_h,CCSDT,3dz,-75.637675
o_h,HF,4z,-75.420897
o_h,CCSD ,4z,-75.655342
o_h,CCSDT,4z,-75.661586
o_h,HF,4dz,-75.420897
o_h,CCSD ,4dz,-75.655342
o_h,CCSDT,4dz,-75.661586
o_h,HF,5z,-75.422691
o_h,CCSD ,5z,-75.662896
o_h,CCSDT,5z,-75.669569
o_h,HF,5dz,-75.422691
o_h,CCSD ,5dz,-75.662896
o_h,CCSDT,5dz,-75.669569
h2_o,HF,2z,-76.026780
h2_o,CCSD ,2z,-76.237998
h2_o,CCSDT,2z,-76.241033
h2_o,HF,2dz,-76.026780
h2_o,CCSD ,2dz,-76.237998
h2_o,CCSDT,2dz,-76.241033
h2_o,HF,3z,-76.057141
h2_o,CCSD ,3z,-76.324546
h2_o,CCSDT,3z,-76.332192
h2_o,HF,3dz,-76.057141
h2_o,CCSD ,3dz,-76.324546
h2_o,CCSDT,3dz,-76.332192
h2_o,HF,4z,-76.064806
h2_o,CCSD ,4z,-76.350801
h2_o,CCSDT,4z,-76.359794
h2_o,HF,4dz,-76.064806
h2_o,CCSD ,4dz,-76.350801
h2_o,CCSDT,4dz,-76.359794
h2_o,HF,5z,-76.067061
h2_o,CCSD ,5z,-76.359519
h2_o,CCSDT,5z,-76.369041
h2_o,HF,5dz,-76.067061
h2_o,CCSD ,5dz,-76.359519
h2_o,CCSDT,5dz,-76.369041
h_f,HF,2z,-100.019419
h_f,CCSD ,2z,-100.226226
h_f,CCSDT,2z,-100.228146
h_f,HF,2dz,-100.019419
h_f,CCSD ,2dz,-100.226226
h_f,CCSDT,2dz,-100.228146
h_f,HF,3z,-100.058021
h_f,CCSD ,3z,-100.331991
h_f,CCSDT,3z,-100.338356
h_f,HF,3dz,-100.058021
h_f,CCSD ,3dz,-100.331991
h_f,CCSDT,3dz,-100.338356
h_f,HF,4z,-100.067695
h_f,CCSD ,4z,-100.365348
h_f,CCSDT,4z,-100.373180
h_f,HF,4dz,-100.067695
h_f,CCSD ,4dz,-100.365348
h_f,CCSDT,4dz,-100.373180
h_f,HF,5z,-100.070440
h_f,CCSD ,5z,-100.376741
h_f,CCSDT,5z,-100.385175
h_f,HF,5dz,-100.070440
h_f,CCSD ,5dz,-100.376741
h_f,CCSDT,5dz,-100.385175
si_h2_singlet,HF,2z,-290.018414
si_h2_singlet,CCSD ,2z,-290.135081
si_h2_singlet,CCSDT,2z,-290.137309
si_h2_singlet,HF,2dz,-290.021950
si_h2_singlet,CCSD ,2dz,-290.139321
si_h2_singlet,CCSDT,2dz,-290.141610
si_h2_singlet,HF,3z,-290.030362
si_h2_singlet,CCSD ,3z,-290.167017
si_h2_singlet,CCSDT,3z,-290.170700
si_h2_singlet,HF,3dz,-290.031877
si_h2_singlet,CCSD ,3dz,-290.168591
si_h2_singlet,CCSDT,3dz,-290.172285
si_h2_singlet,HF,4z,-290.033939
si_h2_singlet,CCSD ,4z,-290.175887
si_h2_singlet,CCSDT,4z,-290.180025
si_h2_singlet,HF,4dz,-290.034741
si_h2_singlet,CCSD ,4dz,-290.176786
si_h2_singlet,CCSDT,4dz,-290.180931
si_h2_singlet,HF,5z,-290.035167
si_h2_singlet,CCSD ,5z,-290.178726
si_h2_singlet,CCSDT,5z,-290.183006
si_h2_singlet,HF,5dz,-290.035316
si_h2_singlet,CCSD ,5dz,-290.178970
si_h2_singlet,CCSDT,5dz,-290.183262
si_h2_triplet,HF,2z,-290.009724
si_h2_triplet,CCSD ,2z,-290.105689
si_h2_triplet,CCSDT,2z,-290.107533
si_h2_triplet,HF,2dz,-290.009724
si_h2_triplet,CCSD ,2dz,-290.105689
si_h2_triplet,CCSDT,2dz,-290.107533
si_h2_triplet,HF,3z,-290.021760
si_h2_triplet,CCSD ,3z,-290.135534
si_h2_triplet,CCSDT,3z,-290.138689
si_h2_triplet,HF,3dz,-290.023218
si_h2_triplet,CCSD ,3dz,-290.136911
si_h2_triplet,CCSDT,3dz,-290.140074
si_h2_triplet,HF,4z,-290.025655
si_h2_triplet,CCSD ,4z,-290.144219
si_h2_triplet,CCSDT,4z,-290.147805
si_h2_triplet,HF,4dz,-290.026394
si_h2_triplet,CCSD ,4dz,-290.144977
si_h2_triplet,CCSDT,4dz,-290.148567
si_h2_triplet,HF,5z,-290.026780
si_h2_triplet,CCSD ,5z,-290.146773
si_h2_triplet,CCSDT,5z,-290.150492
si_h2_triplet,HF,5dz,-290.026928
si_h2_triplet,CCSD ,5dz,-290.146976
si_h2_triplet,CCSDT,5dz,-290.150705
si_h3,HF,2z,-290.623525
si_h3,CCSD ,2z,-290.745913
si_h3,CCSDT,2z,-290.748092
si_h3,HF,2dz,-290.628807
si_h3,CCSD ,2dz,-290.751287
si_h3,CCSDT,2dz,-290.753504
si_h3,HF,3z,-290.638710
si_h3,CCSD ,3z,-290.782927
si_h3,CCSDT,3z,-290.786444
si_h3,HF,3dz,-290.640972
si_h3,CCSD ,3dz,-290.785014
si_h3,CCSDT,3dz,-290.788523
si_h3,HF,4z,-290.643439
si_h3,CCSD ,4z,-290.793857
si_h3,CCSDT,4z,-290.797819
si_h3,HF,4dz,-290.644595
si_h3,CCSD ,4dz,-290.794999
si_h3,CCSDT,4dz,-290.798958
si_h3,HF,5z,-290.645015
si_h3,CCSD ,5z,-290.797191
si_h3,CCSDT,5z,-290.801290
si_h3,HF,5dz,-290.645239
si_h3,CCSD ,5dz,-290.797459
si_h3,CCSDT,5dz,-290.801566
si_h4,HF,2z,-291.242775
si_h4,CCSD ,2z,-291.390098
si_h4,CCSDT,2z,-291.392525
si_h4,HF,2dz,-291.249988
si_h4,CCSD ,2dz,-291.397274
si_h4,CCSDT,2dz,-291.399717
si_h4,HF,3z,-291.260570
si_h4,CCSD ,3z,-291.433492
si_h4,CCSDT,3z,-291.437303
si_h4,HF,3dz,-291.263593
si_h4,CCSD ,3dz,-291.436315
si_h4,CCSDT,3dz,-291.440104
si_h4,HF,4z,-291.266067
si_h4,CCSD ,4z,-291.446445
si_h4,CCSDT,4z,-291.450704
si_h4,HF,4dz,-291.267613
si_h4,CCSD ,4dz,-291.447985
si_h4,CCSDT,4dz,-291.452234
si_h4,HF,5z,-291.268082
si_h4,CCSD ,5z,-291.450502
si_h4,CCSDT,5z,-291.454895
si_h4,HF,5dz,-291.268358
si_h4,CCSD ,5dz,-291.450827
si_h4,CCSDT,5dz,-291.455226
p_h2,HF,2z,-341.867527
p_h2,CCSD ,2z,-342.005452
p_h2,CCSDT,2z,-342.008334
p_h2,HF,2dz,-341.871191
p_h2,CCSD ,2dz,-342.010352
p_h2,CCSDT,2dz,-342.013377
p_h2,HF,3z,-341.881544
p_h2,CCSD ,3z,-342.050804
p_h2,CCSDT,3z,-342.056495
p_h2,HF,3dz,-341.883329
p_h2,CCSD ,3dz,-342.052785
p_h2,CCSDT,3dz,-342.058528
p_h2,HF,4z,-341.885766
p_h2,CCSD ,4z,-342.063183
p_h2,CCSDT,4z,-342.069732
p_h2,HF,4dz,-341.886711
p_h2,CCSD ,4dz,-342.064373
p_h2,CCSDT,4dz,-342.070958
p_h2,HF,5z,-341.887143
p_h2,CCSD ,5z,-342.067259
p_h2,CCSDT,5z,-342.074087
p_h2,HF,5dz,-341.887340
p_h2,CCSD ,5dz,-342.067641
p_h2,CCSDT,5dz,-342.074498
p_h3,HF,2z,-342.470314
p_h3,CCSD ,2z,-342.633675
p_h3,CCSDT,2z,-342.637272
p_h3,HF,2dz,-342.475918
p_h3,CCSD ,2dz,-342.640124
p_h3,CCSDT,2dz,-342.643853
p_h3,HF,3z,-342.487400
p_h3,CCSD ,3z,-342.685768
p_h3,CCSDT,3z,-342.692410
p_h3,HF,3dz,-342.490108
p_h3,CCSD ,3dz,-342.688513
p_h3,CCSDT,3dz,-342.695186
p_h3,HF,4z,-342.492399
p_h3,CCSD ,4z,-342.700387
p_h3,CCSDT,4z,-342.707960
p_h3,HF,4dz,-342.493823
p_h3,CCSD ,4dz,-342.701995
p_h3,CCSDT,4dz,-342.709593
p_h3,HF,5z,-342.494277
p_h3,CCSD ,5z,-342.705344
p_h3,CCSDT,5z,-342.713218
p_h3,HF,5dz,-342.494562
p_h3,CCSD ,5dz,-342.705791
p_h3,CCSDT,5dz,-342.713691
h2_s,HF,2z,-398.694525
h2_s,CCSD ,2z,-398.861523
h2_s,CCSDT,2z,-398.864845
h2_s,HF,2dz,-398.698718
h2_s,CCSD ,2dz,-398.868198
h2_s,CCSDT,2dz,-398.871830
h2_s,HF,3z,-398.712941
h2_s,CCSD ,3z,-398.927526
h2_s,CCSDT,3z,-398.935375
h2_s,HF,3dz,-398.715044
h2_s,CCSD ,3dz,-398.930184
h2_s,CCSDT,3dz,-398.938175
h2_s,HF,4z,-398.717935
h2_s,CCSD ,4z,-398.946209
h2_s,CCSDT,4z,-398.955517
h2_s,HF,4dz,-398.719112
h2_s,CCSD ,4dz,-398.947886
h2_s,CCSDT,4dz,-398.957280
h2_s,HF,5z,-398.719668
h2_s,CCSD ,5z,-398.952420
h2_s,CCSDT,5z,-398.962202
h2_s,HF,5dz,-398.719910
h2_s,CCSD ,5dz,-398.953006
h2_s,CCSDT,5dz,-398.962845
h_cl,HF,2z,-460.089444
h_cl,CCSD ,2z,-460.252141
h_cl,CCSDT,2z,-460.254488
h_cl,HF,2dz,-460.091596
h_cl,CCSD ,2dz,-460.258588
h_cl,CCSDT,2dz,-460.261354
h_cl,HF,3z,-460.106819
h_cl,CCSD ,3z,-460.329559
h_cl,CCSDT,3z,-460.337211
h_cl,HF,3dz,-460.107893
h_cl,CCSD ,3dz,-460.331899
h_cl,CCSDT,3dz,-460.339824
h_cl,HF,4z,-460.111223
h_cl,CCSD ,4z,-460.352617
h_cl,CCSDT,4z,-460.362131
h_cl,HF,4dz,-460.111852
h_cl,CCSD ,4dz,-460.354187
h_cl,CCSDT,4dz,-460.363859
h_cl,HF,5z,-460.112432
h_cl,CCSD ,5z,-460.360005
h_cl,CCSDT,5z,-460.370146
h_cl,HF,5dz,-460.112569
h_cl,CCSD ,5dz,-460.360715
h_cl,CCSDT,5dz,-460.370945
li2,HF,2z,-14.869499
li2,CCSD ,2z,-14.900548
li2,CCSDT,2z,-14.900548
li2,HF,2dz,-14.869499
li2,CCSD ,2dz,-14.900548
li2,CCSDT,2dz,-14.900548
li2,HF,3z,-14.871339
li2,CCSD ,3z,-14.903162
li2,CCSDT,3z,-14.903162
li2,HF,3dz,-14.871339
li2,CCSD ,3dz,-14.903162
li2,CCSDT,3dz,-14.903162
li2,HF,4z,-14.871482
li2,CCSD ,4z,-14.903673
li2,CCSDT,4z,-14.903673
li2,HF,4dz,-14.871482
li2,CCSD ,4dz,-14.903673
li2,CCSDT,4dz,-14.903673
li2,HF,5z,-14.871551
li2,CCSD ,5z,-14.903795
li2,CCSDT,5z,-14.903795
li2,HF,5dz,-14.871551
li2,CCSD ,5dz,-14.903795
li2,CCSDT,5dz,-14.903795
li_f,HF,2z,-106.945126
li_f,CCSD ,2z,-107.152227
li_f,CCSDT,2z,-107.154932
li_f,HF,2dz,-106.945126
li_f,CCSD ,2dz,-107.152227
li_f,CCSDT,2dz,-107.154932
li_f,HF,3z,-106.980120
li_f,CCSD ,3z,-107.255878
li_f,CCSDT,3z,-107.263539
li_f,HF,3dz,-106.980120
li_f,CCSD ,3dz,-107.255878
li_f,CCSDT,3dz,-107.263539
li_f,HF,4z,-106.990661
li_f,CCSD ,4z,-107.290797
li_f,CCSDT,4z,-107.300115
li_f,HF,4dz,-106.990661
li_f,CCSD ,4dz,-107.290797
li_f,CCSDT,4dz,-107.300115
li_f,HF,5z,-106.993024
li_f,CCSD ,5z,-107.302192
li_f,CCSDT,5z,-107.312139
li_f,HF,5dz,-106.993024
li_f,CCSD ,5dz,-107.302192
li_f,CCSDT,5dz,-107.312139
c2_h2,HF,2z,-76.825786
c2_h2,CCSD ,2z,-77.098107
c2_h2,CCSDT,2z,-77.109143
c2_h2,HF,2dz,-76.825786
c2_h2,CCSD ,2dz,-77.098107
c2_h2,CCSDT,2dz,-77.109143
c2_h2,HF,3z,-76.849428
c2_h2,CCSD ,3z,-77.171182
c2_h2,CCSDT,3z,-77.187546
c2_h2,HF,3dz,-76.849428
c2_h2,CCSD ,3dz,-77.171182
c2_h2,CCSDT,3dz,-77.187546
c2_h2,HF,4z,-76.854439
c2_h2,CCSD ,4z,-77.191602
c2_h2,CCSDT,4z,-77.209285
c2_h2,HF,4dz,-76.854439
c2_h2,CCSD ,4dz,-77.191602
c2_h2,CCSDT,4dz,-77.209285
c2_h2,HF,5z,-76.855558
c2_h2,CCSD ,5z,-77.197628
c2_h2,CCSDT,5z,-77.215756
c2_h2,HF,5dz,-76.855558
c2_h2,CCSD ,5dz,-77.197628
c2_h2,CCSDT,5dz,-77.215756
c2_h4,HF,2z,-78.040075
c2_h4,CCSD ,2z,-78.344850
c2_h4,CCSDT,2z,-78.354582
c2_h4,HF,2dz,-78.040075
c2_h4,CCSD ,2dz,-78.344850
c2_h4,CCSDT,2dz,-78.354582
c2_h4,HF,3z,-78.063798
c2_h4,CCSD ,3z,-78.423710
c2_h4,CCSDT,3z,-78.438652
c2_h4,HF,3dz,-78.063798
c2_h4,CCSD ,3dz,-78.423710
c2_h4,CCSDT,3dz,-78.438652
c2_h4,HF,4z,-78.069074
c2_h4,CCSD ,4z,-78.445364
c2_h4,CCSDT,4z,-78.461620
c2_h4,HF,4dz,-78.069074
c2_h4,CCSD ,4dz,-78.445364
c2_h4,CCSDT,4dz,-78.461620
c2_h4,HF,5z,-78.070409
c2_h4,CCSD ,5z,-78.451754
c2_h4,CCSDT,5z,-78.468443
c2_h4,HF,5dz,-78.070409
c2_h4,CCSD ,5dz,-78.451754
c2_h4,CCSDT,5dz,-78.468443
c2_h6,HF,2z,-79.234883
c2_h6,CCSD ,2z,-79.573658
c2_h6,CCSDT,2z,-79.581898
c2_h6,HF,2dz,-79.234883
c2_h6,CCSD ,2dz,-79.573658
c2_h6,CCSDT,2dz,-79.581898
c2_h6,HF,3z,-79.259936
c2_h6,CCSD ,3z,-79.660968
c2_h6,CCSDT,3z,-79.674395
c2_h6,HF,3dz,-79.259936
c2_h6,CCSD ,3dz,-79.660968
c2_h6,CCSDT,3dz,-79.674395
c2_h6,HF,4z,-79.265188
c2_h6,CCSD ,4z,-79.683998
c2_h6,CCSDT,4z,-79.698699
c2_h6,HF,4dz,-79.265188
c2_h6,CCSD ,4dz,-79.683998
c2_h6,CCSDT,4dz,-79.698699
c2_h6,HF,5z,-79.266529
c2_h6,CCSD ,5z,-79.690729
c2_h6,CCSDT,5z,-79.705833
c2_h6,HF,5dz,-79.266529
c2_h6,CCSD ,5dz,-79.690729
c2_h6,CCSDT,5dz,-79.705833
c_n,HF,2z,-92.196047
c_n,CCSD ,2z,-92.476755
c_n,CCSDT,2z,-92.490625
c_n,HF,2dz,-92.196047
c_n,CCSD ,2dz,-92.476755
c_n,CCSDT,2dz,-92.490625
c_n,HF,3z,-92.217434
c_n,CCSD ,3z,-92.547511
c_n,CCSDT,3z,-92.567495
c_n,HF,3dz,-92.217434
c_n,CCSD ,3dz,-92.547511
c_n,CCSDT,3dz,-92.567495
c_n,HF,4z,-92.223687
c_n,CCSD ,4z,-92.570190
c_n,CCSDT,4z,-92.591704
c_n,HF,4dz,-92.223687
c_n,CCSD ,4dz,-92.570190
c_n,CCSDT,4dz,-92.591704
c_n,HF,5z,-92.224891
c_n,CCSD ,5z,-92.577087
c_n,CCSDT,5z,-92.599158
c_n,HF,5dz,-92.224891
c_n,CCSD ,5dz,-92.577087
c_n,CCSDT,5dz,-92.599158
h_c_n,HF,2z,-92.883246
h_c_n,CCSD ,2z,-93.176426
h_c_n,CCSDT,2z,-93.188281
h_c_n,HF,2dz,-92.883246
h_c_n,CCSD ,2dz,-93.176426
h_c_n,CCSDT,2dz,-93.188281
h_c_n,HF,3z,-92.908055
h_c_n,CCSD ,3z,-93.257249
h_c_n,CCSDT,3z,-93.275116
h_c_n,HF,3dz,-92.908055
h_c_n,CCSD ,3dz,-93.257249
h_c_n,CCSDT,3dz,-93.275116
h_c_n,HF,4z,-92.914365
h_c_n,CCSD ,4z,-93.281910
h_c_n,CCSDT,4z,-93.301278
h_c_n,HF,4dz,-92.914365
h_c_n,CCSD ,4dz,-93.281910
h_c_n,CCSDT,4dz,-93.301278
h_c_n,HF,5z,-92.915671
h_c_n,CCSD ,5z,-93.289410
h_c_n,CCSDT,5z,-93.309316
h_c_n,HF,5dz,-92.915671
h_c_n,CCSD ,5dz,-93.289410
h_c_n,CCSDT,5dz,-93.309316
c_o,HF,2z,-112.748153
c_o,CCSD ,2z,-113.043969
c_o,CCSDT,2z,-113.054881
c_o,HF,2dz,-112.748153
c_o,CCSD ,2dz,-113.043969
c_o,CCSDT,2dz,-113.054881
c_o,HF,3z,-112.778967
c_o,CCSD ,3z,-113.138357
c_o,CCSDT,3z,-113.155567
c_o,HF,3dz,-112.778967
c_o,CCSD ,3dz,-113.138357
c_o,CCSDT,3dz,-113.155567
c_o,HF,4z,-112.787360
c_o,CCSD ,4z,-113.168992
c_o,CCSDT,4z,-113.187812
c_o,HF,4dz,-112.787360
c_o,CCSD ,4dz,-113.168992
c_o,CCSDT,4dz,-113.187812
c_o,HF,5z,-112.789118
c_o,CCSD ,5z,-113.178648
c_o,CCSDT,5z,-113.198075
c_o,HF,5dz,-112.789118
c_o,CCSD ,5dz,-113.178648
c_o,CCSDT,5dz,-113.198075
h_c_o,HF,2z,-113.253526
h_c_o,CCSD ,2z,-113.565310
h_c_o,CCSDT,2z,-113.576014
h_c_o,HF,2dz,-113.253526
h_c_o,CCSD ,2dz,-113.565310
h_c_o,CCSDT,2dz,-113.576014
h_c_o,HF,3z,-113.286703
h_c_o,CCSD ,3z,-113.666772
h_c_o,CCSDT,3z,-113.684096
h_c_o,HF,3dz,-113.286703
h_c_o,CCSD ,3dz,-113.666772
h_c_o,CCSDT,3dz,-113.684096
h_c_o,HF,4z,-113.295541
h_c_o,CCSD ,4z,-113.698796
h_c_o,CCSDT,4z,-113.717880
h_c_o,HF,4dz,-113.295541
h_c_o,CCSD ,4dz,-113.698796
h_c_o,CCSDT,4dz,-113.717880
h_c_o,HF,5z,-113.297659
h_c_o,CCSD ,5z,-113.709014
h_c_o,CCSDT,5z,-113.728757
h_c_o,HF,5dz,-113.297659
h_c_o,CCSD ,5dz,-113.709014
h_c_o,CCSDT,5dz,-113.728757
h2_c_o,HF,2z,-113.876372
h2_c_o,CCSD ,2z,-114.208403
h2_c_o,CCSDT,2z,-114.218245
h2_c_o,HF,2dz,-113.876372
h2_c_o,CCSD ,2dz,-114.208403
h2_c_o,CCSDT,2dz,-114.218245
h2_c_o,HF,3z,-113.911920
h2_c_o,CCSD ,3z,-114.317294
h2_c_o,CCSDT,3z,-114.333799
h2_c_o,HF,3dz,-113.911920
h2_c_o,CCSD ,3dz,-114.317294
h2_c_o,CCSDT,3dz,-114.333799
h2_c_o,HF,4z,-113.920929
h2_c_o,CCSD ,4z,-114.350700
h2_c_o,CCSDT,4z,-114.368991
h2_c_o,HF,4dz,-113.920929
h2_c_o,CCSD ,4dz,-114.350700
h2_c_o,CCSDT,4dz,-114.368991
h2_c_o,HF,5z,-113.923150
h2_c_o,CCSD ,5z,-114.361346
h2_c_o,CCSDT,5z,-114.380295
h2_c_o,HF,5dz,-113.923150
h2_c_o,CCSD ,5dz,-114.361346
h2_c_o,CCSDT,5dz,-114.380295
h3_c_o_h,HF,2z,-115.049321
h3_c_o_h,CCSD ,2z,-115.412176
h3_c_o_h,CCSDT,2z,-115.419860
h3_c_o_h,HF,2dz,-115.049321
h3_c_o_h,CCSD ,2dz,-115.412176
h3_c_o_h,CCSDT,2dz,-115.419860
h3_c_o_h,HF,3z,-115.089507
h3_c_o_h,CCSD ,3z,-115.536003
h3_c_o_h,CCSDT,3z,-115.550725
h3_c_o_h,HF,3dz,-115.089507
h3_c_o_h,CCSD ,3dz,-115.536003
h3_c_o_h,CCSDT,3dz,-115.550725
h3_c_o_h,HF,4z,-115.099036
h3_c_o_h,CCSD ,4z,-115.572283
h3_c_o_h,CCSDT,4z,-115.588922
h3_c_o_h,HF,4dz,-115.099036
h3_c_o_h,CCSD ,4dz,-115.572283
h3_c_o_h,CCSDT,4dz,-115.588922
h3_c_o_h,HF,5z,-115.101634
h3_c_o_h,CCSD ,5z,-115.583897
h3_c_o_h,CCSDT,5z,-115.601227
h3_c_o_h,HF,5dz,-115.101634
h3_c_o_h,CCSD ,5dz,-115.583897
h3_c_o_h,CCSDT,5dz,-115.601227
n2,HF,2z,-108.954142
n2,CCSD ,2z,-109.263383
n2,CCSDT,2z,-109.275240
n2,HF,2dz,-108.954142
n2,CCSD ,2dz,-109.263383
n2,CCSDT,2dz,-109.275240
n2,HF,3z,-108.983490
n2,CCSD ,3z,-109.355359
n2,CCSDT,3z,-109.373837
n2,HF,3dz,-108.983490
n2,CCSD ,3dz,-109.355359
n2,CCSDT,3dz,-109.373837
n2,HF,4z,-108.991104
n2,CCSD ,4z,-109.384211
n2,CCSDT,4z,-109.404372
n2,HF,4dz,-108.991104
n2,CCSD ,4dz,-109.384211
n2,CCSDT,4dz,-109.404372
n2,HF,5z,-108.992785
n2,CCSD ,5z,-109.393390
n2,CCSDT,5z,-109.414186
n2,HF,5dz,-108.992785
n2,CCSD ,5dz,-109.393390
n2,CCSDT,5dz,-109.414186
n2_h4,HF,2z,-111.186410
n2_h4,CCSD ,2z,-111.561056
n2_h4,CCSDT,2z,-111.569737
n2_h4,HF,2dz,-111.186410
n2_h4,CCSD ,2dz,-111.561056
n2_h4,CCSDT,2dz,-111.569737
n2_h4,HF,3z,-111.224463
n2_h4,CCSD ,3z,-111.682203
n2_h4,CCSDT,3z,-111.698547
n2_h4,HF,3dz,-111.224463
n2_h4,CCSD ,3dz,-111.682203
n2_h4,CCSDT,3dz,-111.698547
n2_h4,HF,4z,-111.233756
n2_h4,CCSD ,4z,-111.717505
n2_h4,CCSDT,4z,-111.735901
n2_h4,HF,4dz,-111.233756
n2_h4,CCSD ,4dz,-111.717505
n2_h4,CCSDT,4dz,-111.735901
n2_h4,HF,5z,-111.236357
n2_h4,CCSD ,5z,-111.728775
n2_h4,CCSDT,5z,-111.747915
n2_h4,HF,5dz,-111.236357
n2_h4,CCSD ,5dz,-111.728775
n2_h4,CCSDT,5dz,-111.747915
n_o,HF,2z,-129.253641
n_o,CCSD ,2z,-129.586465
n_o,CCSDT,2z,-129.598098
n_o,HF,2dz,-129.253641
n_o,CCSD ,2dz,-129.586465
n_o,CCSDT,2dz,-129.598098
n_o,HF,3z,-129.288989
n_o,CCSD ,3z,-129.697962
n_o,CCSDT,3z,-129.717012
n_o,HF,3dz,-129.288989
n_o,CCSD ,3dz,-129.697962
n_o,CCSDT,3dz,-129.717012
n_o,HF,4z,-129.298479
n_o,CCSD ,4z,-129.733540
n_o,CCSDT,4z,-129.754594
n_o,HF,4dz,-129.298479
n_o,CCSD ,4dz,-129.733540
n_o,CCSDT,4dz,-129.754594
n_o,HF,5z,-129.300783
n_o,CCSD ,5z,-129.745178
n_o,CCSDT,5z,-129.767007
n_o,HF,5dz,-129.300783
n_o,CCSD ,5dz,-129.745178
n_o,CCSDT,5dz,-129.767007
o2,HF,2z,-149.608084
o2,CCSD ,2z,-149.974818
o2,CCSDT,2z,-149.985610
o2,HF,2dz,-149.608084
o2,CCSD ,2dz,-149.974818
o2,CCSDT,2dz,-149.985610
o2,HF,3z,-149.652579
o2,CCSD ,3z,-150.109701
o2,CCSDT,3z,-150.128956
o2,HF,3dz,-149.652579
o2,CCSD ,3dz,-150.109701
o2,CCSDT,3dz,-150.128956
o2,HF,4z,-149.663993
o2,CCSD ,4z,-150.152197
o2,CCSDT,4z,-150.173839
o2,HF,4dz,-149.663993
o2,CCSD ,4dz,-150.152197
o2,CCSDT,4dz,-150.173839
o2,HF,5z,-149.666949
o2,CCSD ,5z,-150.166385
o2,CCSDT,5z,-150.188961
o2,HF,5dz,-149.666949
o2,CCSD ,5dz,-150.166385
o2,CCSDT,5dz,-150.188961
h2_o2,HF,2z,-150.784150
h2_o2,CCSD ,2z,-151.184558
h2_o2,CCSDT,2z,-151.193716
h2_o2,HF,2dz,-150.784150
h2_o2,CCSD ,2dz,-151.184558
h2_o2,CCSDT,2dz,-151.193716
h2_o2,HF,3z,-150.836087
h2_o2,CCSD ,3z,-151.340155
h2_o2,CCSDT,3z,-151.358583
h2_o2,HF,3dz,-150.836087
h2_o2,CCSD ,3dz,-151.340155
h2_o2,CCSDT,3dz,-151.358583
h2_o2,HF,4z,-150.848383
h2_o2,CCSD ,4z,-151.387152
h2_o2,CCSDT,4z,-151.408218
h2_o2,HF,4dz,-150.848383
h2_o2,CCSD ,4dz,-151.387152
h2_o2,CCSDT,4dz,-151.408218
h2_o2,HF,5z,-150.851707
h2_o2,CCSD ,5z,-151.402922
h2_o2,CCSDT,5z,-151.425008
h2_o2,HF,5dz,-150.851707
h2_o2,CCSD ,5dz,-151.402922
h2_o2,CCSDT,5dz,-151.425008
f2,HF,2z,-198.685683
f2,CCSD ,2z,-199.088456
f2,CCSDT,2z,-199.097478
f2,HF,2dz,-198.685683
f2,CCSD ,2dz,-199.088456
f2,CCSDT,2dz,-199.097478
f2,HF,3z,-198.752061
f2,CCSD ,3z,-199.278119
f2,CCSDT,3z,-199.296103
f2,HF,3dz,-198.752061
f2,CCSD ,3dz,-199.278119
f2,CCSDT,3dz,-199.296103
f2,HF,4z,-198.768290
f2,CCSD ,4z,-199.338031
f2,CCSDT,4z,-199.358906
f2,HF,4dz,-198.768290
f2,CCSD ,4dz,-199.338031
f2,CCSDT,4dz,-199.358906
f2,HF,5z,-198.772756
f2,CCSD ,5z,-199.358934
f2,CCSDT,5z,-199.380986
f2,HF,5dz,-198.772756
f2,CCSD ,5dz,-199.358934
f2,CCSDT,5dz,-199.380986
c_o2,HF,2z,-187.651108
c_o2,CCSD ,2z,-188.129478
c_o2,CCSDT,2z,-188.147414
c_o2,HF,2dz,-187.651108
c_o2,CCSD ,2dz,-188.129478
c_o2,CCSDT,2dz,-188.147414
c_o2,HF,3z,-187.707256
c_o2,CCSD ,3z,-188.298669
c_o2,CCSDT,3z,-188.327061
c_o2,HF,3dz,-187.707256
c_o2,CCSD ,3dz,-188.298669
c_o2,CCSDT,3dz,-188.327061
c_o2,HF,4z,-187.721695
c_o2,CCSD ,4z,-188.353315
c_o2,CCSDT,4z,-188.384537
c_o2,HF,4dz,-187.721695
c_o2,CCSD ,4dz,-188.353315
c_o2,CCSDT,4dz,-188.384537
c_o2,HF,5z,-187.724942
c_o2,CCSD ,5z,-188.370789
c_o2,CCSDT,5z,-188.403074
c_o2,HF,5dz,-187.724942
c_o2,CCSD ,5dz,-188.370789
c_o2,CCSDT,5dz,-188.403074
na2,HF,2z,-323.704483
na2,CCSD ,2z,-323.730835
na2,CCSDT,2z,-323.730835
na2,HF,2dz,-323.704654
na2,CCSD ,2dz,-323.731044
na2,CCSDT,2dz,-323.731044
na2,HF,3z,-323.714956
na2,CCSD ,3z,-323.742187
na2,CCSDT,3z,-323.742187
na2,HF,3dz,-323.715137
na2,CCSD ,3dz,-323.742377
na2,CCSDT,3dz,-323.742377
na2,HF,4z,-323.716344
na2,CCSD ,4z,-323.743702
na2,CCSDT,4z,-323.743702
na2,HF,4dz,-323.716515
na2,CCSD ,4dz,-323.743879
na2,CCSDT,4dz,-323.743879
na2,HF,5z,-323.716910
na2,CCSD ,5z,-323.744315
na2,CCSDT,5z,-323.744315
na2,HF,5dz,-323.716955
na2,CCSD ,5dz,-323.744363
na2,CCSDT,5dz,-323.744363
si2,HF,2z,-577.756648
si2,CCSD ,2z,-577.919449
si2,CCSDT,2z,-577.926781
si2,HF,2dz,-577.759473
si2,CCSD ,2dz,-577.924074
si2,CCSDT,2dz,-577.931673
si2,HF,3z,-577.774195
si2,CCSD ,3z,-577.966491
si2,CCSDT,3z,-577.977898
si2,HF,3dz,-577.775621
si2,CCSD ,3dz,-577.968182
si2,CCSDT,3dz,-577.979649
si2,HF,4z,-577.779112
si2,CCSD ,4z,-577.979646
si2,CCSDT,4z,-577.992241
si2,HF,4dz,-577.779890
si2,CCSD ,4dz,-577.980687
si2,CCSDT,4dz,-577.993324
si2,HF,5z,-577.780511
si2,CCSD ,5z,-577.984053
si2,CCSDT,5z,-577.997066
si2,HF,5dz,-577.780719
si2,CCSD ,5dz,-577.984463
si2,CCSDT,5dz,-577.997505
p2,HF,2z,-681.465782
p2,CCSD ,2z,-681.709917
p2,CCSDT,2z,-681.723991
p2,HF,2dz,-681.471988
p2,CCSD ,2dz,-681.718647
p2,CCSDT,2dz,-681.733283
p2,HF,3z,-681.489692
p2,CCSD ,3z,-681.785402
p2,CCSDT,3z,-681.807007
p2,HF,3dz,-681.492889
p2,CCSD ,3dz,-681.788961
p2,CCSDT,3dz,-681.810736
p2,HF,4z,-681.497071
p2,CCSD ,4z,-681.808346
p2,CCSDT,4z,-681.832014
p2,HF,4dz,-681.498777
p2,CCSD ,4dz,-681.810549
p2,CCSDT,4dz,-681.834326
p2,HF,5z,-681.499400
p2,CCSD ,5z,-681.816612
p2,CCSDT,5z,-681.841062
p2,HF,5dz,-681.499759
p2,CCSD ,5dz,-681.817359
p2,CCSDT,5dz,-681.841882
s2,HF,2z,-795.049806
s2,CCSD ,2z,-795.319724
s2,CCSDT,2z,-795.330005
s2,HF,2dz,-795.056538
s2,CCSD ,2dz,-795.332218
s2,CCSDT,2dz,-795.343461
s2,HF,3z,-795.081968
s2,CCSD ,3z,-795.434870
s2,CCSDT,3z,-795.454956
s2,HF,3dz,-795.085530
s2,CCSD ,3dz,-795.440029
s2,CCSDT,3dz,-795.460572
s2,HF,4z,-795.090216
s2,CCSD ,4z,-795.467996
s2,CCSDT,4z,-795.491294
s2,HF,4dz,-795.092321
s2,CCSD ,4dz,-795.471303
s2,CCSDT,4dz,-795.494871
s2,HF,5z,-795.093145
s2,CCSD ,5z,-795.479892
s2,CCSDT,5z,-795.504339
s2,HF,5dz,-795.093529
s2,CCSD ,5dz,-795.481012
s2,CCSDT,5dz,-795.505603
cl2,HF,2z,-918.960824
cl2,CCSD ,2z,-919.256609
cl2,CCSDT,2z,-919.262855
cl2,HF,2dz,-918.964702
cl2,CCSD ,2dz,-919.269461
cl2,CCSDT,2dz,-919.276689
cl2,HF,3z,-918.998769
cl2,CCSD ,3z,-919.409008
cl2,CCSDT,3z,-919.426292
cl2,HF,3dz,-919.001082
cl2,CCSD ,3dz,-919.413939
cl2,CCSDT,3dz,-919.431848
cl2,HF,4z,-919.007380
cl2,CCSD ,4z,-919.454365
cl2,CCSDT,4z,-919.475624
cl2,HF,4dz,-919.008837
cl2,CCSD ,4dz,-919.457760
cl2,CCSDT,4dz,-919.479383
cl2,HF,5z,-919.010014
cl2,CCSD ,5z,-919.469760
cl2,CCSDT,5z,-919.492443
cl2,HF,5dz,-919.010285
cl2,CCSD ,5dz,-919.471139
cl2,CCSDT,5dz,-919.494008
na_cl,HF,2z,-621.433618
na_cl,CCSD ,2z,-621.586419
na_cl,CCSDT,2z,-621.588578
na_cl,HF,2dz,-621.435429
na_cl,CCSD ,2dz,-621.592873
na_cl,CCSDT,2dz,-621.595532
na_cl,HF,3z,-621.453539
na_cl,CCSD ,3z,-621.670306
na_cl,CCSDT,3z,-621.678411
na_cl,HF,3dz,-621.454716
na_cl,CCSD ,3dz,-621.672857
na_cl,CCSDT,3dz,-621.681265
na_cl,HF,4z,-621.458496
na_cl,CCSD ,4z,-621.696179
na_cl,CCSDT,4z,-621.706483
na_cl,HF,4dz,-621.459332
na_cl,CCSD ,4dz,-621.698017
na_cl,CCSDT,4dz,-621.708482
na_cl,HF,5z,-621.460085
na_cl,CCSD ,5z,-621.704897
na_cl,CCSDT,5z,-621.715968
na_cl,HF,5dz,-621.460332
na_cl,CCSD ,5dz,-621.705687
na_cl,CCSDT,5dz,-621.716840
si_o,HF,2z,-363.789910
si_o,CCSD ,2z,-364.068641
si_o,CCSDT,2z,-364.080222
si_o,HF,2dz,-363.800593
si_o,CCSD ,2dz,-364.079648
si_o,CCSDT,2dz,-364.091104
si_o,HF,3z,-363.838901
si_o,CCSD ,3z,-364.177027
si_o,CCSDT,3z,-364.194717
si_o,HF,3dz,-363.843215
si_o,CCSD ,3dz,-364.181297
si_o,CCSDT,3dz,-364.198883
si_o,HF,4z,-363.850531
si_o,CCSD ,4z,-364.209547
si_o,CCSDT,4z,-364.229008
si_o,HF,4dz,-363.852443
si_o,CCSD ,4dz,-364.211535
si_o,CCSDT,4dz,-364.230949
si_o,HF,5z,-363.854357
si_o,CCSD ,5z,-364.221344
si_o,CCSDT,5z,-364.241432
si_o,HF,5dz,-363.854744
si_o,CCSD ,5dz,-364.221834
si_o,CCSDT,5dz,-364.241924
c_s,HF,2z,-435.329660
c_s,CCSD ,2z,-435.590114
c_s,CCSDT,2z,-435.604355
c_s,HF,2dz,-435.334280
c_s,CCSD ,2dz,-435.597132
c_s,CCSDT,2dz,-435.611851
c_s,HF,3z,-435.352639
c_s,CCSD ,3z,-435.671405
c_s,CCSDT,3z,-435.692579
c_s,HF,3dz,-435.355003
c_s,CCSD ,3dz,-435.674235
c_s,CCSDT,3dz,-435.695599
c_s,HF,4z,-435.359462
c_s,CCSD ,4z,-435.696538
c_s,CCSDT,4z,-435.719719
c_s,HF,4dz,-435.360793
c_s,CCSD ,4dz,-435.698296
c_s,CCSDT,4dz,-435.721579
c_s,HF,5z,-435.361633
c_s,CCSD ,5z,-435.705296
c_s,CCSDT,5z,-435.729232
c_s,HF,5dz,-435.361878
c_s,CCSD ,5dz,-435.705843
c_s,CCSDT,5dz,-435.729833
s_o,HF,2z,-472.333217
s_o,CCSD ,2z,-472.650851
s_o,CCSDT,2z,-472.661356
s_o,HF,2dz,-472.342215
s_o,CCSD ,2dz,-472.662430
s_o,CCSDT,2dz,-472.673365
s_o,HF,3z,-472.386195
s_o,CCSD ,3z,-472.789963
s_o,CCSDT,3z,-472.809534
s_o,HF,3dz,-472.390959
s_o,CCSD ,3dz,-472.795275
s_o,CCSDT,3dz,-472.815030
s_o,HF,4z,-472.398965
s_o,CCSD ,4z,-472.830186
s_o,CCSDT,4z,-472.852584
s_o,HF,4dz,-472.401627
s_o,CCSD ,4dz,-472.833310
s_o,CCSDT,4dz,-472.855816
s_o,HF,5z,-472.403702
s_o,CCSD ,5z,-472.845100
s_o,CCSDT,5z,-472.868531
s_o,HF,5dz,-472.404295
s_o,CCSD ,5dz,-472.845989
s_o,CCSDT,5dz,-472.869480
cl_o,HF,2z,-534.249543
cl_o,CCSD ,2z,-534.564778
cl_o,CCSDT,2z,-534.572339
cl_o,HF,2dz,-534.253987
cl_o,CCSD ,2dz,-534.574084
cl_o,CCSDT,2dz,-534.582223
cl_o,HF,3z,-534.295904
cl_o,CCSD ,3z,-534.716785
cl_o,CCSDT,3z,-534.733921
cl_o,HF,3dz,-534.298293
cl_o,CCSD ,3dz,-534.720840
cl_o,CCSDT,3dz,-534.738345
cl_o,HF,4z,-534.306914
cl_o,CCSD ,4z,-534.762301
cl_o,CCSDT,4z,-534.782697
cl_o,HF,4dz,-534.308383
cl_o,CCSD ,4dz,-534.764945
cl_o,CCSDT,4dz,-534.785561
cl_o,HF,5z,-534.310480
cl_o,CCSD ,5z,-534.778413
cl_o,CCSDT,5z,-534.800062
cl_o,HF,5dz,-534.310774
cl_o,CCSD ,5dz,-534.779320
cl_o,CCSDT,5dz,-534.801071
cl_f,HF,2z,-558.844257
cl_f,CCSD ,2z,-559.186546
cl_f,CCSDT,2z,-559.193120
cl_f,HF,2dz,-558.847395
cl_f,CCSD ,2dz,-559.194189
cl_f,CCSDT,2dz,-559.201238
cl_f,HF,3z,-558.900954
cl_f,CCSD ,3z,-559.363305
cl_f,CCSDT,3z,-559.379682
cl_f,HF,3dz,-558.902688
cl_f,CCSD ,3dz,-559.366355
cl_f,CCSDT,3dz,-559.383038
cl_f,HF,4z,-558.915120
cl_f,CCSD ,4z,-559.418083
cl_f,CCSDT,4z,-559.437845
cl_f,HF,4dz,-558.916250
cl_f,CCSD ,4dz,-559.420170
cl_f,CCSDT,4dz,-559.440107
cl_f,HF,5z,-558.919301
cl_f,CCSD ,5z,-559.437054
cl_f,CCSDT,5z,-559.458098
cl_f,HF,5dz,-558.919519
cl_f,CCSD ,5dz,-559.437818
cl_f,CCSDT,5dz,-559.458948
si2_h6,HF,2z,-581.338807
si2_h6,CCSD ,2z,-581.604780
si2_h6,CCSDT,2z,-581.610749
si2_h6,HF,2dz,-581.351166
si2_h6,CCSD ,2dz,-581.617216
si2_h6,CCSDT,2dz,-581.623263
si2_h6,HF,3z,-581.370767
si2_h6,CCSD ,3z,-581.685439
si2_h6,CCSDT,3z,-581.694743
si2_h6,HF,3dz,-581.376026
si2_h6,CCSD ,3dz,-581.690381
si2_h6,CCSDT,3dz,-581.699654
si2_h6,HF,4z,-581.380506
si2_h6,CCSD ,4z,-581.709856
si2_h6,CCSDT,4z,-581.720251
si2_h6,HF,4dz,-581.383211
si2_h6,CCSD ,4dz,-581.712596
si2_h6,CCSDT,4dz,-581.722981
si2_h6,HF,5z,-581.384030
si2_h6,CCSD ,5z,-581.717724
si2_h6,CCSDT,5z,-581.728465
si2_h6,HF,5dz,-581.384513
si2_h6,CCSD ,5dz,-581.718317
si2_h6,CCSDT,5dz,-581.729074
c_h3_cl,HF,2z,-499.117763
c_h3_cl,CCSD ,2z,-499.432475
c_h3_cl,CCSDT,2z,-499.439520
c_h3_cl,HF,2dz,-499.119573
c_h3_cl,CCSD ,2dz,-499.438674
c_h3_cl,CCSDT,2dz,-499.446200
c_h3_cl,HF,3z,-499.147812
c_h3_cl,CCSD ,3z,-499.550736
c_h3_cl,CCSDT,3z,-499.565862
c_h3_cl,HF,3dz,-499.148807
c_h3_cl,CCSD ,3dz,-499.553007
c_h3_cl,CCSDT,3dz,-499.568431
c_h3_cl,HF,4z,-499.154662
c_h3_cl,CCSD ,4z,-499.585286
c_h3_cl,CCSDT,4z,-499.602995
c_h3_cl,HF,4dz,-499.155262
c_h3_cl,CCSD ,4dz,-499.586824
c_h3_cl,CCSDT,4dz,-499.604705
c_h3_cl,HF,5z,-499.156501
c_h3_cl,CCSD ,5z,-499.596283
c_h3_cl,CCSDT,5z,-499.614896
c_h3_cl,HF,5dz,-499.156620
c_h3_cl,CCSD ,5dz,-499.596936
c_h3_cl,CCSDT,5dz,-499.615633
h3_c_s_h,HF,2z,-437.725549
h3_c_s_h,CCSD ,2z,-438.046273
h3_c_s_h,CCSDT,2z,-438.054421
h3_c_s_h,HF,2dz,-437.729732
h3_c_s_h,CCSD ,2dz,-438.052979
h3_c_s_h,CCSDT,2dz,-438.061473
h3_c_s_h,HF,3z,-437.756601
h3_c_s_h,CCSD ,3z,-438.153399
h3_c_s_h,CCSDT,3z,-438.168883
h3_c_s_h,HF,3dz,-437.758743
h3_c_s_h,CCSD ,3dz,-438.156114
h3_c_s_h,CCSDT,3dz,-438.171756
h3_c_s_h,HF,4z,-437.764032
h3_c_s_h,CCSD ,4z,-438.183403
h3_c_s_h,CCSDT,4z,-438.201059
h3_c_s_h,HF,4dz,-437.765246
h3_c_s_h,CCSD ,4dz,-438.185107
h3_c_s_h,CCSDT,4dz,-438.202856
h3_c_s_h,HF,5z,-437.766417
h3_c_s_h,CCSD ,5z,-438.193178
h3_c_s_h,CCSDT,5z,-438.211567
h3_c_s_h,HF,5dz,-437.766655
h3_c_s_h,CCSD ,5dz,-438.193728
h3_c_s_h,CCSDT,5dz,-438.212168
h_o_cl,HF,2z,-534.873143
h_o_cl,CCSD ,2z,-535.220462
h_o_cl,CCSDT,2z,-535.228188
h_o_cl,HF,2dz,-534.875860
h_o_cl,CCSD ,2dz,-535.227596
h_o_cl,CCSDT,2dz,-535.235817
h_o_cl,HF,3z,-534.919817
h_o_cl,CCSD ,3z,-535.376648
h_o_cl,CCSDT,3z,-535.394517
h_o_cl,HF,3dz,-534.921366
h_o_cl,CCSD ,3dz,-535.379488
h_o_cl,CCSDT,3dz,-535.397666
h_o_cl,HF,4z,-534.930788
h_o_cl,CCSD ,4z,-535.423351
h_o_cl,CCSDT,4z,-535.444509
h_o_cl,HF,4dz,-534.931767
h_o_cl,CCSD ,4dz,-535.425275
h_o_cl,CCSDT,4dz,-535.446613
h_o_cl,HF,5z,-534.934052
h_o_cl,CCSD ,5z,-535.439227
h_o_cl,CCSDT,5z,-535.461589
h_o_cl,HF,5dz,-534.934241
h_o_cl,CCSD ,5dz,-535.439961
h_o_cl,CCSDT,5dz,-535.462413
s_o2,HF,2z,-547.179149
s_o2,CCSD ,2z,-547.694100
s_o2,CCSDT,2z,-547.714330
s_o2,HF,2dz,-547.209984
s_o2,CCSD ,2dz,-547.727772
s_o2,CCSDT,2dz,-547.748198
s_o2,HF,3z,-547.287607
s_o2,CCSD ,3z,-547.936709
s_o2,CCSDT,3z,-547.970107
s_o2,HF,3dz,-547.303027
s_o2,CCSD ,3dz,-547.953125
s_o2,CCSDT,3dz,-547.986601
s_o2,HF,4z,-547.312888
s_o2,CCSD ,4z,-548.008941
s_o2,CCSDT,4z,-548.046421
s_o2,HF,4dz,-547.321131
s_o2,CCSD ,4dz,-548.017987
s_o2,CCSDT,4dz,-548.055519
s_o2,HF,5z,-547.324245
s_o2,CCSD ,5z,-548.038147
s_o2,CCSDT,5z,-548.077127
s_o2,HF,5dz,-547.325921
s_o2,CCSD ,5dz,-548.040181
s_o2,CCSDT,5dz,-548.079205
h,CCSDT,cbs45,-0.500023
li,CCSDT,cbs45,-7.432723
be,CCSDT,cbs45,-14.619205
c,CCSDT,cbs45,-37.789638
n,CCSDT,cbs45,-54.530488
o,CCSDT,cbs45,-75.005872
f,CCSDT,cbs45,-99.669956
na,CCSDT,cbs45,-161.858882
si,CCSDT,cbs45,-288.940018
p,CCSDT,cbs45,-340.831929
s,CCSDT,cbs45,-397.675279
cl,CCSDT,cbs45,-459.706383
li_h,CCSDT,cbs45,-8.024715
be_h,CCSDT,cbs45,-15.199064
c_h,CCSDT,cbs45,-38.423492
c_h2_triplet,CCSDT,cbs45,-39.092446
c_h2_singlet,CCSDT,cbs45,-39.077811
c_h3,CCSDT,cbs45,-39.778783
c_h4,CCSDT,cbs45,-40.457870
n_h,CCSDT,cbs45,-55.162771
n_h2,CCSDT,cbs45,-55.821197
n_h3,CCSDT,cbs45,-56.505201
o_h,CCSDT,cbs45,-75.676756
h2_o,CCSDT,cbs45,-76.377317
h_f,CCSDT,cbs45,-100.395967
si_h2_singlet,CCSDT,cbs45,-290.185487
si_h2_triplet,CCSDT,cbs45,-290.152588
si_h3,CCSDT,cbs45,-290.804066
si_h4,CCSDT,cbs45,-291.458344
p_h2,CCSDT,cbs45,-342.077878
p_h3,CCSDT,cbs45,-342.717894
h2_s,CCSDT,cbs45,-398.968319
h_cl,CCSDT,cbs45,-460.377744
li2,CCSDT,cbs45,-14.903915
li_f,CCSDT,cbs45,-107.322958
c2_h2,CCSDT,cbs45,-77.221693
c2_h4,CCSDT,cbs45,-78.474653
c2_h6,CCSDT,cbs45,-79.712371
c_n,CCSDT,cbs45,-92.606002
h_c_n,CCSDT,cbs45,-93.316720
c_o,CCSDT,cbs45,-113.207464
h_c_o,CCSDT,cbs45,-113.738614
h2_c_o,CCSDT,cbs45,-114.390551
h3_c_o_h,CCSDT,cbs45,-115.612385
n2,CCSDT,cbs45,-109.423195
n2_h4,CCSDT,cbs45,-111.758802
n_o,CCSDT,cbs45,-129.778352
o2,CCSDT,cbs45,-150.202758
h2_o2,CCSDT,cbs45,-151.440368
f2,CCSDT,cbs45,-199.401162
c_o2,CCSDT,cbs45,-188.420058
na2,CCSDT,cbs45,-323.744754
si2,CCSDT,cbs45,-578.001217
p2,CCSDT,cbs45,-681.849186
s2,CCSDT,cbs45,-795.516565
cl2,CCSDT,cbs45,-919.508486
na_cl,CCSDT,cbs45,-621.725002
si_o,CCSDT,cbs45,-364.252329
c_s,CCSDT,cbs45,-435.737948
s_o,CCSDT,cbs45,-472.883086
cl_o,CCSDT,cbs45,-534.816248
cl_f,CCSDT,cbs45,-559.476711
si2_h6,CCSDT,cbs45,-581.735384
c_h3_cl,CCSDT,cbs45,-499.626128
h3_c_s_h,CCSDT,cbs45,-438.221217
h_o_cl,CCSDT,cbs45,-535.477467
s_o2,CCSDT,cbs45,-548.106691
h,HF,cbs345,-0.500023
li,HF,cbs345,-7.432723
be,HF,cbs345,-14.573050
c,HF,cbs345,-37.688739
n,HF,cbs345,-54.401067
o,HF,cbs345,-74.812736
f,HF,cbs345,-99.412020
na,HF,cbs345,-161.858882
si,HF,cbs345,-288.854508
p,HF,cbs345,-340.718735
s,HF,cbs345,-397.507198
cl,HF,cbs345,-459.483882
li_h,HF,cbs345,-7.987380
be_h,HF,cbs345,-15.153237
c_h,HF,cbs345,-38.279988
c_h2_triplet,HF,cbs345,-38.935458
c_h2_singlet,HF,cbs345,-38.896171
c_h3,HF,cbs345,-39.576796
c_h4,HF,cbs345,-40.217253
n_h,HF,cbs345,-54.978650
n_h2,HF,cbs345,-55.587505
n_h3,HF,cbs345,-56.225507
o_h,HF,cbs345,-75.423385
h2_o,HF,cbs345,-76.068001
h_f,HF,cbs345,-100.071527
si_h2_singlet,HF,cbs345,-290.035809
si_h2_triplet,HF,cbs345,-290.027237
si_h3,HF,cbs345,-290.645803
si_h4,HF,cbs345,-291.269248
p_h2,HF,cbs345,-341.887809
p_h3,HF,cbs345,-342.495407
h2_s,HF,cbs345,-398.720589
h_cl,HF,cbs345,-460.112889
li2,HF,cbs345,-14.871615
li_f,HF,cbs345,-106.993707
c2_h2,HF,cbs345,-76.855880
c2_h4,HF,cbs345,-78.070861
c2_h6,HF,cbs345,-79.266989
c_n,HF,cbs345,-92.225178
h_c_n,HF,cbs345,-92.916012
c_o,HF,cbs345,-112.789584
h_c_o,HF,cbs345,-113.298327
h2_c_o,HF,cbs345,-113.923877
h3_c_o_h,HF,cbs345,-115.102608
n2,HF,cbs345,-108.993261
n2_h4,HF,cbs345,-111.237368
n_o,HF,cbs345,-129.301522
o2,HF,cbs345,-149.667982
h2_o2,HF,cbs345,-150.852938
f2,HF,cbs345,-198.774452
c_o2,HF,cbs345,-187.725884
na2,HF,cbs345,-323.717300
si2,HF,cbs345,-577.781067
p2,HF,cbs345,-681.500474
s2,HF,cbs345,-795.094758
cl2,HF,cbs345,-919.011175
na_cl,HF,cbs345,-621.460835
si_o,HF,cbs345,-363.856233
c_s,HF,cbs345,-435.362646
s_o,HF,cbs345,-472.406495
cl_o,HF,cbs345,-534.312188
cl_f,HF,cbs345,-558.921052
si2_h6,HF,cbs345,-581.386028
c_h3_cl,HF,cbs345,-499.157176
h3_c_s_h,HF,cbs345,-437.767544
h_o_cl,HF,cbs345,-534.935434
s_o2,HF,cbs345,-547.333508
h,CCSDT,cbs45d,-0.500023
li,CCSDT,cbs45d,-7.432723
be,CCSDT,cbs45d,-14.619205
c,CCSDT,cbs45d,-37.789638
n,CCSDT,cbs45d,-54.530488
o,CCSDT,cbs45d,-75.005872
f,CCSDT,cbs45d,-99.669956
na,CCSDT,cbs45d,-161.858882
si,CCSDT,cbs45d,-288.940055
p,CCSDT,cbs45d,-340.831955
s,CCSDT,cbs45d,-397.675353
cl,CCSDT,cbs45d,-459.706491
li_h,CCSDT,cbs45d,-8.024715
be_h,CCSDT,cbs45d,-15.199064
c_h,CCSDT,cbs45d,-38.423492
c_h2_triplet,CCSDT,cbs45d,-39.092446
c_h2_singlet,CCSDT,cbs45d,-39.077811
c_h3,CCSDT,cbs45d,-39.778783
c_h4,CCSDT,cbs45d,-40.457870
n_h,CCSDT,cbs45d,-55.162771
n_h2,CCSDT,cbs45d,-55.821197
n_h3,CCSDT,cbs45d,-56.505201
o_h,CCSDT,cbs45d,-75.676756
h2_o,CCSDT,cbs45d,-76.377317
h_f,CCSDT,cbs45d,-100.395967
si_h2_singlet,CCSDT,cbs45d,-290.185249
si_h2_triplet,CCSDT,cbs45d,-290.152496
si_h3,CCSDT,cbs45d,-290.803766
si_h4,CCSDT,cbs45d,-291.457753
p_h2,CCSDT,cbs45d,-342.077696
p_h3,CCSDT,cbs45d,-342.717399
h2_s,CCSDT,cbs45d,-398.968041
h_cl,CCSDT,cbs45d,-460.377786
li2,CCSDT,cbs45d,-14.903915
li_f,CCSDT,cbs45d,-107.322958
c2_h2,CCSDT,cbs45d,-77.221693
c2_h4,CCSDT,cbs45d,-78.474653
c2_h6,CCSDT,cbs45d,-79.712371
c_n,CCSDT,cbs45d,-92.606002
h_c_n,CCSDT,cbs45d,-93.316720
c_o,CCSDT,cbs45d,-113.207464
h_c_o,CCSDT,cbs45d,-113.738614
h2_c_o,CCSDT,cbs45d,-114.390551
h3_c_o_h,CCSDT,cbs45d,-115.612385
n2,CCSDT,cbs45d,-109.423195
n2_h4,CCSDT,cbs45d,-111.758802
n_o,CCSDT,cbs45d,-129.778352
o2,CCSDT,cbs45d,-150.202758
h2_o2,CCSDT,cbs45d,-151.440368
f2,CCSDT,cbs45d,-199.401162
c_o2,CCSDT,cbs45d,-188.420058
na2,CCSDT,cbs45d,-323.744616
si2,CCSDT,cbs45d,-578.001222
p2,CCSDT,cbs45d,-681.848976
s2,CCSDT,cbs45d,-795.515857
cl2,CCSDT,cbs45d,-919.508165
na_cl,CCSDT,cbs45d,-621.724836
si_o,CCSDT,cbs45d,-364.251789
c_s,CCSDT,cbs45d,-435.737605
s_o,CCSDT,cbs45d,-472.881907
cl_o,CCSDT,cbs45d,-534.815578
cl_f,CCSDT,cbs45d,-559.476324
si2_h6,CCSDT,cbs45d,-581.734389
c_h3_cl,CCSDT,cbs45d,-499.626035
h3_c_s_h,CCSDT,cbs45d,-438.220849
h_o_cl,CCSDT,cbs45d,-535.477167
s_o2,CCSDT,cbs45d,-548.100754
h,HF,cbs345d,-0.500023
li,HF,cbs345d,-7.432723
be,HF,cbs345d,-14.573050
c,HF,cbs345d,-37.688739
n,HF,cbs345d,-54.401067
o,HF,cbs345d,-74.812736
f,HF,cbs345d,-99.412020
na,HF,cbs345d,-161.858882
si,HF,cbs345d,-288.854507
p,HF,cbs345d,-340.718735
s,HF,cbs345d,-397.507197
cl,HF,cbs345d,-459.483879
li_h,HF,cbs345d,-7.987380
be_h,HF,cbs345d,-15.153237
c_h,HF,cbs345d,-38.279988
c_h2_triplet,HF,cbs345d,-38.935458
c_h2_singlet,HF,cbs345d,-38.896171
c_h3,HF,cbs345d,-39.576796
c_h4,HF,cbs345d,-40.217253
n_h,HF,cbs345d,-54.978650
n_h2,HF,cbs345d,-55.587505
n_h3,HF,cbs345d,-56.225507
o_h,HF,cbs345d,-75.423385
h2_o,HF,cbs345d,-76.068001
h_f,HF,cbs345d,-100.071527
si_h2_singlet,HF,cbs345d,-290.035460
si_h2_triplet,HF,cbs345d,-290.027036
si_h3,HF,cbs345d,-290.645378
si_h4,HF,cbs345d,-291.268527
p_h2,HF,cbs345d,-341.887484
p_h3,HF,cbs345d,-342.494746
h2_s,HF,cbs345d,-398.720105
h_cl,HF,cbs345d,-460.112728
li2,HF,cbs345d,-14.871615
li_f,HF,cbs345d,-106.993707
c2_h2,HF,cbs345d,-76.855880
c2_h4,HF,cbs345d,-78.070861
c2_h6,HF,cbs345d,-79.266989
c_n,HF,cbs345d,-92.225178
h_c_n,HF,cbs345d,-92.916012
c_o,HF,cbs345d,-112.789584
h_c_o,HF,cbs345d,-113.298327
h2_c_o,HF,cbs345d,-113.923877
h3_c_o_h,HF,cbs345d,-115.102608
n2,HF,cbs345d,-108.993261
n2_h4,HF,cbs345d,-111.237368
n_o,HF,cbs345d,-129.301522
o2,HF,cbs345d,-149.667982
h2_o2,HF,cbs345d,-150.852938
f2,HF,cbs345d,-198.774452
c_o2,HF,cbs345d,-187.725884
na2,HF,cbs345d,-323.717161
si2,HF,cbs345d,-577.780919
p2,HF,cbs345d,-681.499956
s2,HF,cbs345d,-795.093790
cl2,HF,cbs345d,-919.010617
na_cl,HF,cbs345d,-621.460609
si_o,HF,cbs345d,-363.855508
c_s,HF,cbs345d,-435.362128
s_o,HF,cbs345d,-472.405185
cl_o,HF,cbs345d,-534.311517
cl_f,HF,cbs345d,-558.920557
si2_h6,HF,cbs345d,-581.384801
c_h3_cl,HF,cbs345d,-499.156982
h3_c_s_h,HF,cbs345d,-437.767045
h_o_cl,HF,cbs345d,-534.935013
s_o2,HF,cbs345d,-547.327644
